kernel,fe,src
k1,T477cf20e8ca7edf2e7f712d94680e024c02cd2a8ea34cbce79ef654db386a5f4,9c84f91f0fb54a31007dd093d6ba8ec11002503602a69976ec4e8c894e42d22d
k1,Tf4e0f2b9a9917b13f7e93c09359f5a611efb27a9f63f54aa6cb332f666711e3f,808313f4cb6eb0d6c42eef8168752de84a25b4c508be3b60b938f66cadde51c5
k1,T5c372e78c87b11470b09d97b7d3f33b21ed6dc868c0db190240757d1803d5b60,5c99256c12a4242b44c96f57949556d2476deeb2d9e2ad252944208e7240ebcd
k1,T477cf20e8ca7edf2e7f712d94680e024c02cd2a8ea34cbce79ef654db386a5f4,9c84f91f0fb54a31007dd093d6ba8ec11002503602a69976ec4e8c894e42d22d
k1,Tf4e0f2b9a9917b13f7e93c09359f5a611efb27a9f63f54aa6cb332f666711e3f,808313f4cb6eb0d6c42eef8168752de84a25b4c508be3b60b938f66cadde51c5
k1,T477cf20e8ca7edf2e7f712d94680e024c02cd2a8ea34cbce79ef654db386a5f4,9c84f91f0fb54a31007dd093d6ba8ec11002503602a69976ec4e8c894e42d22d
k1,Tf4e0f2b9a9917b13f7e93c09359f5a611efb27a9f63f54aa6cb332f666711e3f,808313f4cb6eb0d6c42eef8168752de84a25b4c508be3b60b938f66cadde51c5
k1,T477cf20e8ca7edf2e7f712d94680e024c02cd2a8ea34cbce79ef654db386a5f4,9c84f91f0fb54a31007dd093d6ba8ec11002503602a69976ec4e8c894e42d22d
k1,Tf4e0f2b9a9917b13f7e93c09359f5a611efb27a9f63f54aa6cb332f666711e3f,808313f4cb6eb0d6c42eef8168752de84a25b4c508be3b60b938f66cadde51c5
k1,T477cf20e8ca7edf2e7f712d94680e024c02cd2a8ea34cbce79ef654db386a5f4,9c84f91f0fb54a31007dd093d6ba8ec11002503602a69976ec4e8c894e42d22d
k1,Tf4e0f2b9a9917b13f7e93c09359f5a611efb27a9f63f54aa6cb332f666711e3f,808313f4cb6eb0d6c42eef8168752de84a25b4c508be3b60b938f66cadde51c5
k1,T477cf20e8ca7edf2e7f712d94680e024c02cd2a8ea34cbce79ef654db386a5f4,9c84f91f0fb54a31007dd093d6ba8ec11002503602a69976ec4e8c894e42d22d
k1,Tf4e0f2b9a9917b13f7e93c09359f5a611efb27a9f63f54aa6cb332f666711e3f,808313f4cb6eb0d6c42eef8168752de84a25b4c508be3b60b938f66cadde51c5
